Product_Group,Category,Keyword,Phenomenon,Emotion
cleaner,소음,소음,없,positive
cleaner,소음,소리,심해,negative
cleaner,소음,소음,작고,positive
cleaner,소음,소음,작고,positive
cleaner,소음,소리,잇습,negative
cleaner,소음,소음,줄었,positive
cleaner,소음,소음,줄었,positive
cleaner,소음,소리,않나,positive
cleaner,소음,소음,조용,positive
cleaner,소음,소음,만족,positive
cleaner,소음,소음,있지,negative
cleaner,소음,소리,안나,positive
cleaner,소음,소음,적고,positive
cleaner,소음,소리,거슬리네,negative
cleaner,소음,소음,조금 있지,negative
cleaner,소음,소리,조용,positive
cleaner,소음,,조용,positive
cleaner,소음,소음,적고,positive
cleaner,소음,소음,적어,positive
cleaner,소음,소음,조용,positive
cleaner,소음,,안시끄러워,positive
cleaner,소음,,조용,positive
cleaner,소음,소리,안크고,positive
cleaner,소음,,조용,positive
cleaner,소음,,조용,positive
cleaner,소음,,조용,positive
cleaner,소음,소음,무지막지,negative
cleaner,소음,소음,적고,positive
cleaner,소음,소음,적고,positive
cleaner,소음,소리,크지않,positive
cleaner,소음,소리,크지 않아,positive
cleaner,소음,소음,심하,negative
cleaner,소음,소음,적어,positive
cleaner,소음,소음,적어,positive
cleaner,소음,소음,심해,negative
cleaner,소음,,시끄,negative
cleaner,소음,마루용,소음 전혀,positive
cleaner,소음,소음,없어,positive
cleaner,소음,소음,없어,positive
cleaner,소음,,조용,positive
cleaner,소음,소음,큽니,negative
cleaner,소음,소리,크지,negative
cleaner,소음,소리,크지,negative
cleaner,소음,,조용,positive
cleaner,소음,,조용,positive
cleaner,소음,소리,조용,positive
cleaner,소음,소리,조용,positive
cleaner,소음,소음,작아,positive
cleaner,소음,소음,작,positive
cleaner,소음,소음,작,positive
cleaner,소음,카펫용,시끄럽,negative
cleaner,소음,소음,없었으연,negative
cleaner,소음,소음,크,negative
cleaner,소음,소음,크,negative
cleaner,소음,카펫용,시끄,negative
cleaner,소음,카펫용,시끄,negative
cleaner,소음,소프트롤러,조용,positive
cleaner,소음,마룻바닥용,시끄럽지 않,positive
cleaner,소음,카펫용,소리가 나,negative
cleaner,소음,마룻바닥용,시끄럽지 않,positive
cleaner,소음,흡인력,좋,positive
cleaner,소음,흡인력,좋,positive
cleaner,소음,소음,좋,positive
cleaner,소음,소음,좋,positive
cleaner,소음,,조용,positive
cleaner,소음,,조용,positive
cleaner,소음,,조용,positive
cleaner,소음,소음,작,positive
cleaner,소음,소음,적당,positive
cleaner,소음,비울때 소리,크,negative
cleaner,소음,비울때 소리,크,negative
cleaner,소음,소음,적,positive
cleaner,소음,소음,적,positive
cleaner,소음,소음,적,positive
cleaner,소음,소음,적,positive
cleaner,소음,1,1,positive
cleaner,소음,아 좀 ,시끄럽긴 하,positive
cleaner,소음,1,1,positive
cleaner,소음,소음,심하,negative
cleaner,소음,소음,없,positive
cleaner,소음,소음,좋,positive
cleaner,소음,소음,심하,negative
cleaner,소음,소음,없,positive
cleaner,소음,소음,좋,positive
cleaner,소음,1,1,positive
cleaner,소음,1,1,positive
cleaner,소음,1,1,positive
cleaner,소음,소리,조용,positive
cleaner,소음,소리,조용,positive
cleaner,소음,1,1,positive
cleaner,소음,1,1,positive
cleaner,소음,1,1,positive
cleaner,소음,1,1,positive
cleaner,소음,1,1,positive
cleaner,소음,1,1,positive
cleaner,소음,1,1,positive
cleaner,소음,1,1,positive
cleaner,소음,1,1,positive
cleaner,소음,1,1,positive
cleaner,소음,1,1,positive
cleaner,소음,e,e,positive
cleaner,소음,,,positive
cleaner,소음,안녕,안녕,positive
cleaner,소음,1,1,positive
cleaner,소음,ㅇㅇ,ㅇㅇ,positive
cleaner,소음,1,1,positive
cleaner,소음,1,1,positive
cleaner,소음,1,1,positive
cleaner,소음,소리,조용,positive
cleaner,소음,1,1,positive
cleaner,소음,1,1,positive
cleaner,소음,ㅇㅇ,ㅇㅇㅇ,positive
cleaner,소음,1,1,positive
cleaner,소음,1,1,positive
cleaner,소음,1,1,positive
cleaner,소음,1,1,positive
cleaner,소음,1,1,positive
cleaner,소음,1,1,positive
cleaner,소음,1,1,positive
cleaner,소음,1,1,positive
cleaner,소음,1,1,positive
cleaner,소음,1,1,positive
cleaner,소음,1,1,positive
cleaner,소음,1,1,positive
cleaner,소음,1,1,positive
cleaner,소음,1,1,positive
cleaner,소음,1,1,positive
cleaner,소음,1,1,positive
cleaner,소음,1,1,positive
cleaner,소음,1,1,positive
cleaner,소음,1,1,positive
cleaner,소음,1,1,positive
cleaner,소음,1,1,positive
cleaner,소음,1,1,positive
cleaner,소음,1,1,positive
cleaner,소음,1,1,positive
cleaner,소음,1,1,positive
cleaner,소음,1,1,positive
cleaner,소음,1,1,positive
cleaner,소음,1,1,positive
cleaner,소음,1,1,positive
cleaner,소음,1,1,positive
cleaner,소음,1,1,positive
cleaner,소음,1,1,positive
cleaner,소음,1,1,positive
cleaner,소음,1,1,positive
cleaner,소음,1,1,positive
cleaner,소음,1,1,positive
cleaner,소음,1,1,positive
cleaner,소음,1,1,positive
cleaner,소음,1,1,positive
cleaner,소음,1,1,positive
cleaner,소음,1,1,positive
cleaner,소음,1,1,positive
cleaner,소음,1,1,positive
cleaner,소음,1,1,positive
cleaner,소음,1,1,positive
cleaner,소음,1,1,positive
cleaner,소음,1,1,positive
cleaner,소음,1,1,positive
cleaner,소음,1,1,positive
cleaner,소음,1,1,positive
cleaner,소음,1,1,positive
cleaner,소음,1,1,positive
cleaner,소음,1,1,positive
cleaner,소음,1,1,positive
cleaner,소음,1,1,positive
cleaner,소음,1,1,positive
cleaner,소음,1,1,positive
cleaner,소음,1,1,positive
cleaner,소음,1,1,positive
cleaner,소음,1,1,positive
cleaner,소음,1,1,positive
cleaner,소음,1,1,positive
cleaner,소음,1,1,positive
cleaner,소음,1,1,positive
cleaner,소음,1,1,positive
cleaner,소음,1,1,positive
cleaner,소음,1,1,positive
cleaner,소음,1,1,positive
cleaner,소음,1,1,positive
cleaner,소음,1,1,positive
cleaner,소음,1,1,positive
cleaner,소음,1,1,positive
cleaner,소음,1,1,positive
cleaner,소음,1,1,positive
cleaner,소음,1,1,positive
cleaner,소음,1,1,positive
cleaner,소음,1,1,positive
cleaner,소음,1,1,positive
cleaner,소음,1,1,positive
cleaner,소음,1,1,positive
cleaner,소음,1,1,positive
cleaner,소음,1,1,positive
cleaner,소음,1,1,positive
cleaner,소음,1,1,positive
cleaner,소음,1,1,positive
cleaner,소음,1,1,positive
cleaner,소음,1,1,positive
cleaner,소음,1,1,positive
cleaner,소음,1,1,positive
cleaner,소음,1,1,positive
cleaner,소음,1,1,positive
cleaner,소음,1,1,positive
cleaner,소음,1,1,positive
cleaner,소음,1,1,positive
cleaner,소음,1,1,positive
cleaner,소음,1,1,positive
cleaner,소음,1,1,positive
cleaner,소음,1,1,positive
cleaner,소음,1,1,positive
cleaner,소음,1,1,positive
cleaner,소음,1,1,positive
cleaner,소음,1,1,positive
cleaner,소음,1,1,positive
cleaner,소음,1,1,positive
cleaner,소음,1,1,positive
cleaner,소음,소음,없,positive
cleaner,소음,소음,작,positive
cleaner,소음,소음,좋,positive
cleaner,소음,소음,크,negative
cleaner,소음,소음,적,positive
cleaner,소음,소음,적당,positive
cleaner,소음,1,1,positive
cleaner,소음,안녕,안녕,positive
cleaner,소음,1,1,positive
cleaner,소음,1,1,positive
cleaner,소음,1,1,positive
cleaner,소음,1,1,positive
cleaner,소음,1,1,positive
cleaner,소음,실용적임,청소기,positive
cleaner,소음,1,1,positive
cleaner,소음,교체,많이들어,positive
cleaner,소음,1,1,positive
cleaner,소음,1,1,positive
cleaner,소음,소음,좋,positive
cleaner,소음,소음,큽니,negative
cleaner,소음,1,1,positive
cleaner,소음,소음,좋,positive
cleaner,소음,소음,큽니,negative
cleaner,소음,1,1,positive
cleaner,소음,1,1,positive
cleaner,소음,1,1,positive
cleaner,소음,로켓트,배송,positive
cleaner,소음,로켓트,배송,positive
cleaner,소음,1,1,positive
cleaner,소음,1,1,positive
cleaner,소음,1,1,positive
cleaner,소음,1,1,positive
cleaner,소음,1,1,positive
cleaner,소음,1,1,positive
cleaner,소음,1,1,positive
cleaner,소음,1,1,positive
cleaner,소음,1,1,positive
cleaner,소음,1,1,positive
cleaner,소음,1,1,positive
cleaner,소음,1,1,positive
cleaner,소음,1,1,positive
cleaner,소음,1,1,positive
cleaner,소음,1,1,positive
cleaner,소음,1,1,positive
cleaner,소음,1,1,positive
cleaner,소음,1,1,positive
cleaner,소음,1,1,positive
cleaner,소음,1,1,positive
cleaner,소음,1,1,positive
cleaner,소음,1,1,positive
cleaner,소음,1,1,positive
cleaner,소음,1,1,positive
cleaner,소음,1,1,positive
cleaner,소음,1,1,positive
cleaner,소음,1,1,positive
cleaner,소음,1,1,positive
cleaner,소음,1,1,positive
cleaner,소음,1,1,positive
cleaner,소음,1,1,positive
cleaner,소음,1,1,positive
cleaner,소음,1,1,positive
cleaner,소음,1,1,positive
cleaner,소음,1,1,positive
cleaner,소음,1,1,positive
cleaner,소음,1,1,positive
cleaner,소음,1,1,positive
cleaner,소음,1,1,positive
cleaner,소음,1,1,positive
cleaner,소음,1,1,positive
cleaner,소음,1,1,positive
cleaner,소음,1,1,positive
cleaner,소음,1,1,positive
cleaner,소음,1,1,positive
cleaner,소음,1,1,positive
cleaner,소음,1,1,positive
cleaner,소음,1,1,positive
cleaner,소음,1,1,positive
cleaner,소음,1,1,positive
cleaner,소음,1,1,positive
cleaner,소음,1,1,positive
cleaner,소음,1,1,positive
cleaner,소음,1,1,positive
cleaner,소음,1,1,positive
cleaner,소음,1,1,positive
cleaner,소음,1,1,positive
cleaner,소음,1,1,positive
cleaner,소음,1,1,positive
cleaner,소음,1,1,positive
cleaner,소음,1,1,positive
cleaner,소음,1,1,positive
cleaner,소음,1,1,positive
cleaner,소음,1,1,positive
cleaner,소음,1,1,positive
cleaner,소음,1,1,positive
cleaner,소음,1,1,positive
cleaner,소음,1,1,positive
cleaner,소음,1,1,positive
cleaner,소음,1,1,positive
cleaner,소음,1,1,positive
cleaner,소음,1,1,positive
cleaner,소음,1,1,positive
cleaner,소음,1,1,positive
cleaner,소음,1,1,positive
cleaner,소음,1,1,positive
cleaner,소음,1,1,positive
cleaner,소음,1,1,positive
cleaner,소음,1,1,positive
cleaner,소음,1,1,positive
cleaner,소음,1,1,positive
cleaner,소음,1,1,positive
cleaner,소음,1,1,positive
cleaner,소음,1,1,positive
cleaner,소음,1,1,positive
cleaner,소음,1,1,positive
cleaner,소음,1,1,positive
cleaner,소음,1,1,positive
cleaner,소음,1,1,positive
cleaner,소음,1,1,positive
cleaner,소음,1,1,positive
cleaner,소음,1,1,positive
cleaner,소음,1,1,positive
cleaner,소음,1,1,positive
cleaner,소음,1,1,positive
cleaner,소음,1,1,positive
cleaner,소음,1,1,positive
cleaner,소음,1,1,positive
cleaner,소음,1,1,positive
cleaner,소음,1,1,positive
cleaner,소음,1,1,positive
cleaner,소음,1,1,positive
cleaner,소음,1,1,positive
cleaner,소음,1,1,positive
cleaner,소음,1,1,positive
cleaner,소음,1,1,positive
cleaner,소음,1,1,positive
cleaner,소음,1,1,positive
cleaner,소음,1,1,positive
cleaner,소음,1,1,positive
cleaner,소음,1,1,positive
cleaner,소음,1,1,positive
cleaner,소음,1,1,positive
cleaner,소음,1,1,positive
cleaner,소음,1,1,positive
cleaner,소음,1,1,positive
cleaner,소음,1,1,positive
cleaner,소음,1,1,positive
cleaner,소음,1,1,positive
cleaner,소음,1,1,positive
cleaner,소음,1,1,positive
cleaner,소음,1,1,positive
cleaner,소음,1,1,positive
cleaner,소음,1,1,positive
cleaner,소음,1,1,positive
cleaner,소음,1,1,positive
cleaner,소음,1,1,positive
cleaner,소음,1,1,positive
cleaner,소음,1,1,positive
cleaner,소음,1,1,positive
cleaner,소음,1,1,positive
cleaner,소음,1,1,positive
cleaner,소음,1,1,positive
cleaner,소음,1,1,positive
cleaner,소음,1,1,positive
cleaner,소음,1,1,positive
cleaner,소음,1,1,positive
cleaner,소음,1,1,positive
cleaner,소음,1,1,positive
cleaner,소음,1,1,positive
cleaner,소음,1,1,positive
cleaner,소음,1,1,positive
cleaner,소음,1,1,positive
cleaner,소음,1,1,positive
cleaner,소음,안녕,안녕,positive
cleaner,소음,1,1,positive
cleaner,소음,1,1,positive
cleaner,소음,청소기,유선,positive
cleaner,소음,1,1,positive
cleaner,소음,1,1,positive
cleaner,소음,1,1,positive
cleaner,소음,1,1,positive
cleaner,소음,1,1,positive
cleaner,소음,속상,하네,positive
cleaner,위생,냄새,나더라,negative
cleaner,위생,먼지통,작았으면,neutral
cleaner,위생,냄새,안나,positive
cleaner,위생,냄새,나,negative
cleaner,위생,냄새,생겨,negative
cleaner,위생,먼지,제거,positive
cleaner,위생,냄세,없어,positive
cleaner,위생,먼지,압축,positive
cleaner,위생,먼지,압축,positive
cleaner,위생,냄새,납니다,negative
cleaner,위생,먼지,제거,positive
cleaner,위생,먼지,제거,positive
cleaner,디자인,디자인,세련,positive
cleaner,디자인,청소기,이쁠,positive
cleaner,디자인,청소기,예뻐,positive
cleaner,디자인,디자인,이뻐,positive
cleaner,디자인,인테리어 효과,확실,positive
cleaner,디자인,인테리어 효과,확실,positive
cleaner,디자인,디자인,이쁘,positive
cleaner,디자인,디자인,예쁘,positive
cleaner,디자인,디자인,예쁘,positive
cleaner,디자인,디자인,예쁘,positive
cleaner,디자인,청소기,이쁘,positive
cleaner,디자인,청소기,이쁘,positive
cleaner,디자인,청소기,깔끔,positive
cleaner,디자인,청소기,깔끔,positive
cleaner,디자인,청소기,이쁘,positive
cleaner,디자인,색깔,맘에 들,positive
cleaner,디자인,디자인,이쁘,positive
cleaner,디자인,디자인,이쁘,positive
cleaner,디자인,디자인,괜찮,positive
cleaner,디자인,오브제 색상,이쁜,positive
cleaner,디자인,색상,예쁜,positive
cleaner,디자인,,깔끔,positive
cleaner,디자인,디자인색상,이쁩,positive
cleaner,디자인,색,이뻐,positive
cleaner,디자인,청소기,이뻐,positive
cleaner,디자인,딥그린색,이뻐,positive
cleaner,디자인,크기,부담,negative
cleaner,디자인,디자인,발전했다고 못,negative
cleaner,디자인,,고급스럽,positive
cleaner,디자인,,고급스럽,positive
cleaner,디자인,,이뻐,positive
cleaner,디자인,,작아,positive
cleaner,디자인,디자인,이쁘진않지,negative
cleaner,디자인,비주얼,,positive
cleaner,디자인,,고급져,positive
cleaner,디자인,색,예쁩,positive
cleaner,디자인,디자인 색상,예뻐,positive
cleaner,디자인,디자인 색상,좋습,positive
cleaner,디자인,디자인,맘에듭,positive
cleaner,디자인,색상,맘에듭,positive
cleaner,디자인,,고급스럽고,positive
cleaner,디자인,,큽니다,neutral
cleaner,디자인,,고급스럽고,positive
cleaner,디자인,디자인,예쁘고,positive
cleaner,디자인,디자인,깔끔,positive
cleaner,디자인,디저인,이쁘,positive
cleaner,디자인,디저인,이쁘,positive
cleaner,디자인,내부,보기 편하,positive
cleaner,디자인,,이쁘,positive
cleaner,디자인,디자인,귀엽,positive
cleaner,디자인,,고급,positive
cleaner,디자인,,인테리어,positive
cleaner,디자인,그린색상,좋네,positive
cleaner,디자인,,이쁘,positive
cleaner,디자인,디자인,플러스,positive
cleaner,디자인,디자인,플러스,positive
cleaner,디자인,디자인,예뻐,positive
cleaner,디자인,디자인색깔,만족,positive
cleaner,디자인,디자인색깔,만족,positive
cleaner,디자인,먼지통,보이니,positive
cleaner,디자인,설치 공간,필요,negative
cleaner,디자인,디자인,좋,positive
cleaner,디자인,디자인,좋,positive
cleaner,디자인,디자인,만족,positive
cleaner,디자인,,깔끔,positive
cleaner,디자인,,깔끔,positive
cleaner,디자인,디자인,맘,positive
cleaner,디자인,디자인,퍼펙트,positive
cleaner,디자인,색,퍼펙트,positive
cleaner,디자인,디자인,퍼펙트,positive
cleaner,디자인,카밍베이지 색상,만족,positive
cleaner,디자인,색상,예뻐,positive
cleaner,디자인,색깔,이쁘,positive
cleaner,디자인,디자인,좋,positive
cleaner,디자인,청소기,예뻐,positive
cleaner,디자인,디자인,예쁘,positive
cleaner,디자인,디자인,예쁘고,positive
cleaner,디자인,디자인,좋,positive
cleaner,디자인,디자인,예쁘,positive
cleaner,디자인,디자인,예쁘,positive
cleaner,디자인,디자인,예쁘,positive
cleaner,디자인,디자인,예쁘,positive
cleaner,디자인,디자인,예쁘,positive
cleaner,디자인,디자인,예쁘고,positive
cleaner,디자인,디자인,좋,positive
cleaner,디자인,디자인,좋,positive
cleaner,디자인,디자인,좋,positive
cleaner,디자인,디자인,예쁘,positive
cleaner,디자인,디자인,예쁘고,positive
cleaner,디자인,디자인,좋,positive
cleaner,디자인,청소기,깔끔,positive
cleaner,디자인,디자인,괜찮,positive
cleaner,디자인,디자인,만족,positive
cleaner,디자인,디자인,좋,positive
cleaner,디자인,디자인,좋,positive
cleaner,디자인,디자인,괜찮,positive
cleaner,디자인,디자인,이쁘,positive
cleaner,디자인,디자인,이쁘,positive
cleaner,디자인,디자인,이쁘,positive
cleaner,그립감,핸들좌우조정,불편,negative
cleaner,청소가능영역,가구밑 청소,좋아,positive
cleaner,청소가능영역,가구밑 청소,좋아,positive
cleaner,청소가능영역,청소,꼼꼼,positive
cleaner,청소가능영역,청소,꼼꼼,positive
cleaner,청소가능영역,구역,설정,positive
cleaner,청소가능영역,코너 청소,불편,negative
cleaner,청소가능영역,코너,어리버리,negative
cleaner,청소가능영역,코너링,자유자재,positive
cleaner,청소가능영역,코너링,자유자재,positive
cleaner,청소가능영역,청소,꼼꼼,positive
cleaner,청소가능영역,틈새청소,잘되,positive
cleaner,청소가능영역,청소,구석구석,positive
cleaner,청소가능영역,유선,구석구석,positive
cleaner,청소가능영역,유선,구석구석,positive
cleaner,청소가능영역,청소,구석구석,positive
cleaner,무게,무게,무겁지 않,positive
cleaner,무게,,가벼워,positive
cleaner,무게,이녀석,가볍진 않,negative
cleaner,무게,손잡이,무겁,negative
cleaner,무게,손잡이,무겁,negative
cleaner,무게,,가볍,positive
cleaner,무게,,가볍,positive
cleaner,무게,,기볍,positive
cleaner,무게,,무거워,negative
cleaner,무게,,가벼,positive
cleaner,무게,,가볍,positive
cleaner,무게,무거운느낌,있어,negative
cleaner,무게,무거운 느낌,있,negative
cleaner,무게,무게,아퍼,negative
cleaner,무게,,무겁,negative
cleaner,무게,모터,무거워,negative
cleaner,무게,,무거운,negative
cleaner,무게,무게감,있어,negative
cleaner,무게,,무겁지 않고,positive
cleaner,무게,,무거웠,negative
cleaner,무게,,무겁지,negative
cleaner,무게,,가볍고,positive
cleaner,무게,헤드부분,무거워,negative
cleaner,무게,,가벼움,positive
cleaner,무게,,가볍고,positive
cleaner,무게,,가볍고,positive
cleaner,무게,,무겁긴 하네,negative
cleaner,무게,,가볍고,positive
cleaner,무게,,가볍고,positive
cleaner,무게,헤드,무거워,negative
cleaner,무게,,가볍,positive
cleaner,무게,본체의 무게감,당황,negative
cleaner,무게,,안무겁고,positive
cleaner,무게,,가볍고,positive
cleaner,무게,,무겁지,negative
cleaner,무게,무게,안무겁고,positive
cleaner,무게,,무겁긴해,negative
cleaner,무게,,무겁네,negative
cleaner,무게,,가볍고,positive
cleaner,무게,,무겁긴한데,negative
cleaner,무게,,가벼워,positive
cleaner,무게,,가벼워,positive
cleaner,무게,,가볍,positive
cleaner,무게,,무겁긴하지,negative
cleaner,무게,,가볍,positive
cleaner,무게,,가벼,positive
cleaner,무게,,가벼,positive
cleaner,무게,청소기,무겁지 않아,positive
cleaner,무게,해드,가벼워,positive
cleaner,무게,청소기,무겁지 않아,positive
cleaner,무게,해드,가벼워,positive
cleaner,무게,고무호수,가벼,positive
cleaner,무게,고무호수,가벼,positive
cleaner,무게,,무거워,negative
cleaner,무게,손목,아파,negative
cleaner,무게,,무거워,negative
cleaner,무게,,무겁긴해,negative
cleaner,무게,,무거워,positive
cleaner,무게,손목,아프,negative
cleaner,무게,,무거워,positive
cleaner,무게,,가볍,positive
cleaner,무게,무게,안무겁,positive
cleaner,무게,무게감,살짝있,negative
cleaner,무게,,무겁지,negative
cleaner,무게,,무겁지,negative
cleaner,무게,코드제로,무겁,negative
cleaner,무게,코드제로,무겁,negative
cleaner,무게,,가벼,positive
cleaner,무게,,가벼,positive
cleaner,무게,무게감,있,negative
cleaner,무게,손목,아파,negative
cleaner,무게,,가벼,positive
cleaner,무게,,가벼,positive
cleaner,무게,,가볍,positive
cleaner,무게,,가볍,positive
cleaner,무게,,가볍,positive
cleaner,무게,,가볍,positive
cleaner,무게,,가볍,positive
cleaner,무게,,가볍,positive
cleaner,무게,,가볍,positive
cleaner,무게,무거운 느낌,,negative
cleaner,무게,무거운 느낌,,negative
cleaner,무게,,무겁,negative
cleaner,무게,무게,있,negative
cleaner,무게,무게,있,negative
cleaner,무게,무게감,있,negative
cleaner,무게,무게감,있어,negative
cleaner,무게,무게,있,negative
cleaner,무게,무게감,있,negative
cleaner,무게,무게감,있어,negative
cleaner,무게,무거운 느낌,,negative
cleaner,무게,무거운 느낌,있,negative
cleaner,무게,코드제로,무겁,negative
cleaner,무게,무게,있,negative
cleaner,무게,무게감,있,negative
cleaner,무게,손잡이,무겁,negative
cleaner,촉감,진동,느껴졌,negative
cleaner,촉감,진동,느껴졌,negative
cleaner,핸들링,박고 다니는 일,없더,positive
cleaner,핸들링,박고 다니는 일,없더,positive
cleaner,핸들링,미끄러짐,부드럽,positive
cleaner,핸들링,미끄러짐,부드럽,positive
cleaner,핸들링,,부드럽,positive
cleaner,핸들링,,부드럽,positive
cleaner,핸들링,일자,움직이네,negative
cleaner,핸들링,문턱,못빠져나오,negative
cleaner,핸들링,방턱,못나오더라,negative
cleaner,핸들링,바퀴,부드러움,positive
cleaner,핸들링,밀림,좋고,positive
cleaner,핸들링,핸드링,굿,positive
cleaner,핸들링,바퀴,잘굴러,positive
cleaner,핸들링,,부드럽게,positive
cleaner,핸들링,,잘 밀리네,positive
cleaner,핸들링,끌고다니기,편하,positive
cleaner,핸들링,끌고다니기,편하,positive
cleaner,핸들링,핸들링,편해,positive
cleaner,핸들링,끌고 다닐때,가벼,positive
cleaner,핸들링,,빠르게 못움직,negative
cleaner,핸들링,끌고 다닐때,가벼,positive
cleaner,핸들링,,빠르게 못움직,negative
cleaner,핸들링,회전,잘되,positive
cleaner,핸들링,회전,잘되,positive
cleaner,동작편리성,무선,편하,positive
cleaner,동작편리성,사용,간편,positive
cleaner,동작편리성,,편하,positive
cleaner,동작편리성,,편하,positive
cleaner,동작편리성,무선,편하,positive
cleaner,동작편리성,기존에 선,불편,negative
cleaner,동작편리성,무선,편하,positive
cleaner,동작편리성,흡입면,바닥에 붙어,negative
cleaner,동작편리성,흡입면,바닥에 붙어,negative
cleaner,동작편리성,선,매우편합니다,positive
cleaner,동작편리성,,동시에 할 수 있어,positive
cleaner,동작편리성,코드선,짧아,negative
cleaner,동작편리성,흡입구,움직이지않,negative
cleaner,동작편리성,무선,편하,positive
cleaner,동작편리성,호스,유연하지 않아,negative
cleaner,동작편리성,호스,유연하지 않아,negative
cleaner,동작편리성,,제멋대로 움직,negative
cleaner,동작편리성,선,넉넉,positive
cleaner,동작편리성,선,넉넉,positive
cleaner,동작편리성,무선,편하,positive
cleaner,동작편리성,무선,편하,positive
cleaner,동작편리성,무선,편하,positive
cleaner,동작편리성,무선,편하,positive
cleaner,동작편리성,무선,편하,positive
cleaner,동작편리성,무선,편하,positive
cleaner,동작편리성,무선,편하,positive
cleaner,조작편리성,원터치,행복,positive
cleaner,조작편리성,원터치,편해,positive
cleaner,조작편리성,원터치,편해,positive
cleaner,조작편리성,원터치,할 수,positive
cleaner,조작편리성,길이조절,되,positive
cleaner,조작편리성,길이조절,되,positive
cleaner,조작편리성,원터치,해결,positive
cleaner,조작편리성,원터치,좋네,positive
cleaner,조작편리성,원터치,행복,positive
cleaner,조작편리성,원터치,먼지통을 비워,positive
cleaner,조작편리성,원터치,행복해,positive
cleaner,조작편리성,핸들좌우조정,불편,negative
cleaner,조작편리성,터보3초,불편,negative
cleaner,조작편리성,조절,여러 단계있,positive
cleaner,조작편리성,조절,여러 단계있,positive
cleaner,조작편리성,먼지비움,버튼하나,positive
cleaner,조립성,보호용 캡,분리,neutral
cleaner,조립성,분리,쉽고,positive
cleaner,조립성,브러쉬 연결,어렵,negative
cleaner,조립성,다이슨헤드,끼워서,neutral
cleaner,조립성,다이슨헤드,끼워서,neutral
cleaner,조립성,쓰레기통분리,쉬움,positive
cleaner,조립성,거치대,좋은,positive
cleaner,조립성,필터,복잡,negative
cleaner,조립성,필터,복잡,negative
cleaner,조립성,먼지통,손쉽게분리,positive
cleaner,조립성,침구용 해드,있어,positive
cleaner,조립성,필터 개수,놀랐,positive
cleaner,조립성,침대흡입구,없네,negative
cleaner,조립성,노즐,다양,positive
cleaner,조립성,노즐,다양,positive
cleaner,조립성,연결호수,뻣뻣,negative
cleaner,조립성,필터,빼서,positive
cleaner,조립성,필터,빼서,positive
cleaner,조립성,필터,복잡,negative
cleaner,조립성,필터,복잡,negative
cleaner,조립성,필터,복잡,negative
cleaner,유지관리,원터치먼지비움,좋아,positive
cleaner,유지관리,먼지비움,자동,positive
cleaner,유지관리,금속망 필터,청결,positive
cleaner,유지관리,필터정리,간편,positive
cleaner,유지관리,필터정리,간편,positive
cleaner,유지관리,먼지비움,좋아,positive
cleaner,유지관리,먼지비움,신세계,positive
cleaner,유지관리,먼지비움,자동,positive
cleaner,유지관리,자동 먼지비움,유용,positive
cleaner,유지관리,먼지비움,편하,positive
cleaner,유지관리,먼지비움,좋아,positive
cleaner,유지관리,먼지비움,편하,positive
cleaner,유지관리,먼지통 비우기,편해,positive
cleaner,유지관리,자동청소통,비워,positive
cleaner,유지관리,먼지비움,깔끔,positive
cleaner,유지관리,먼지비움,좋아,positive
cleaner,유지관리,먼지비움,깔끔,positive
cleaner,유지관리,먼지비워주는 것,자동,positive
cleaner,유지관리,자동먼지비움,좋네,positive
cleaner,유지관리,자동먼지비움기능,대박,positive
cleaner,유지관리,자동먼지비움기능,대박,positive
cleaner,유지관리,먼지통,비워,positive
cleaner,유지관리,먼지자동 비움,찬양,positive
cleaner,유지관리,먼지 버릴때,좋네,positive
cleaner,유지관리,먼지통 비워주는게,최고,positive
cleaner,유지관리,먼지통,청소되,positive
cleaner,유지관리,자동비움기능,편리,positive
cleaner,유지관리,자동 먼지 비움,위생적,positive
cleaner,유지관리,먼지 비우기,최고,positive
cleaner,유지관리,자동비움 기능,깨끗하게 비우지는 않는,negative
cleaner,유지관리,비워주는것,혁신적,positive
cleaner,유지관리,그냥 비우는게,편해,negative
cleaner,유지관리,먼지 비움,최고,positive
cleaner,유지관리,먼지통 비우는게,신기,neutral
cleaner,유지관리,먼지비우기,잘안돼,negative
cleaner,유지관리,먼지비우기,잘안돼,negative
cleaner,유지관리,먼지비우기 기능,신세계,positive
cleaner,유지관리,먼지통 청소,자동,positive
cleaner,유지관리,먼지 제거,자동,positive
cleaner,유지관리,먼지 제거,자동,positive
cleaner,유지관리,먼지,비워야,negative
cleaner,유지관리,먼지 자동 비움,좋았,positive
cleaner,유지관리,먼지비움 기능,좋,positive
cleaner,유지관리,먼지비움 기능,좋네,positive
cleaner,유지관리,머리카락,못 빨아,negative
cleaner,유지관리,먼지비움 기능,좋네,positive
cleaner,유지관리,먼지통,쉽게 비울,positive
cleaner,유지관리,먼지비움,신세계,positive
cleaner,유지관리,먼지제거 기능,맘,positive
cleaner,유지관리,먼지,제거,positive
cleaner,유지관리,먼지비움,알아서 해,positive
cleaner,유지관리,먼지비움,알아서 해,positive
cleaner,유지관리,먼지비움,좋아,positive
cleaner,유지관리,먼지 자동 비움,편하,positive
cleaner,정보성,충전,불이 꺼지,positive
cleaner,정보성,표시,,neutral
cleaner,정보성,먼지비움 알람,안뜨,neutral
cleaner,정보성,표시,,neutral
cleaner,정보성,표시,,neutral
cleaner,흡입력,흡입,만족,positive
cleaner,흡입력,흡입,좋아,positive
cleaner,흡입력,흡입력,좋아,positive
cleaner,흡입력,흡입력,굳,positive
cleaner,흡입력,청소,깨끗,positive
cleaner,흡입력,흡입,잘되,positive
cleaner,흡입력,흡입,약해,negative
cleaner,흡입력,유선 흡입력,못따라가,neutral
cleaner,흡입력,유선청소기,흡입력,neutral
cleaner,흡입력,흡입,잘,positive
cleaner,흡입력,흡입,잘,positive
cleaner,흡입력,흡입구,잘 빨려,positive
cleaner,흡입력,흡입력,좋,positive
cleaner,흡입력,먼지,잘 빨,positive
cleaner,흡입력,흡입력,강,positive
cleaner,흡입력,무선,강력 모터,positive
cleaner,흡입력,흡입력,괜찮,positive
cleaner,흡입력,흡입력,좋아,positive
cleaner,흡입력,흡입력,좋고,positive
cleaner,흡입력,흡입력,좋고,positive
cleaner,흡입력,흡입력,괜찮,positive
cleaner,흡입력,흡입력,괜찮,positive
cleaner,흡입력,흡입력,못따라가,negative
cleaner,흡입력,흡입력,못따라가,negative
cleaner,흡입력,흡입력,약해,negative
cleaner,흡입력,흡입력,다르,neutral
cleaner,흡입력,유선,흡입력,positive
cleaner,흡입력,유선의 흡입력,좋은,positive
cleaner,흡입력,흡입력,짱,positive
cleaner,흡입력,,잘빨령,positive
cleaner,흡입력,흡수력,좋구,positive
cleaner,흡입력,흡인력,약해,negative
cleaner,흡입력,흡입력,좋고,positive
cleaner,흡입력,흡입력,많이 약해,negative
cleaner,흡입력,흡입력,떨어져,negative
cleaner,흡입력,흡인력,좋아,positive
cleaner,흡입력,흡입력,좋고,positive
cleaner,흡입력,흡수력,최고,positive
cleaner,흡입력,흡입력,좋고,positive
cleaner,흡입력,흡입력,좋고,positive
cleaner,흡입력,흡입력,좋고,positive
cleaner,흡입력,흡입력,좋고,positive
cleaner,흡입력,흡입력,좋습,positive
cleaner,흡입력,흡입력,좋고,positive
cleaner,흡입력,흡입역,좋아,positive
cleaner,흡입력,흡입력,좋습,positive
cleaner,흡입력,흡입력,좋아,positive
cleaner,흡입력,,잘 빨아들여,positive
cleaner,흡입력,흡입력,떨어져,neutral
cleaner,흡입력,안보이는 먼지,빨아들이네,positive
cleaner,흡입력,흡입력,좋아,positive
cleaner,흡입력,흡인력,좋았,positive
cleaner,흡입력,흡입력,좋아,positive
cleaner,흡입력,흡입,잘되,positive
cleaner,흡입력,흡입력,좋아,positive
cleaner,흡입력,흡입,잘 안돼,negative
cleaner,흡입력,흡입,잘 안돼,negative
cleaner,흡입력,파워,세,positive
cleaner,흡입력,,빨아들,positive
cleaner,흡입력,,빨아들,positive
cleaner,흡입력,흡입력,젛고,positive
cleaner,흡입력,흡입력,젛고,positive
cleaner,흡입력,,빨아 드리,positive
cleaner,흡입력,흡입력,만족,positive
cleaner,흡입력,흡입력,만족,positive
cleaner,흡입력,,빨아들,positive
cleaner,흡입력,,빨아들,positive
cleaner,흡입력,흡입력,좋고,positive
cleaner,흡입력,,잘빨리,positive
cleaner,흡입력,,잘빨리,positive
cleaner,흡입력,흡수력,좋고,positive
cleaner,흡입력,흡수력,좋고,positive
cleaner,흡입력,흡입력,다르네,positive
cleaner,흡입력,흡입력,다르네,positive
cleaner,흡입력,먼지,빨아들,positive
cleaner,흡입력,먼지,빨아들,positive
cleaner,흡입력,흡입력,좋,positive
cleaner,흡입력,흡입력,좋,positive
cleaner,흡입력,흡입력,좋,positive
cleaner,흡입력,흡입력,좋,positive
cleaner,흡입력,흡입력,좋,positive
cleaner,흡입력,정전기,흡입 안되,negative
cleaner,흡입력,흡인력,좋,positive
cleaner,흡입력,흡인력,좋,positive
cleaner,흡입력,흡입력,괜찬,positive
cleaner,흡입력,흡입력,괜찬,positive
cleaner,흡입력,강한흡입력,,positive
cleaner,흡입력,강한흡입력,,positive
cleaner,흡입력,흡입력,짱,positive
cleaner,흡입력,흡입력,짱,positive
cleaner,흡입력,흡입력,짱,positive
cleaner,흡입력,흡입력,좋,positive
cleaner,흡입력,흡입력,좋,positive
cleaner,흡입력,흡입력,강,positive
cleaner,흡입력,유선청소기,잘빨리,positive
cleaner,흡입력,흡입력,좋,positive
cleaner,흡입력,흡입력,좋,positive
cleaner,흡입력,흡입,잘,positive
cleaner,흡입력,청소,깨끗,positive
cleaner,흡입력,흡입,좋,positive
cleaner,흡입력,흡입,좋,positive
cleaner,흡입력,흡입력,좋,positive
cleaner,흡입력,흡입,좋,positive
cleaner,흡입력,흡입력,좋,positive
cleaner,흡입력,흡입,좋,positive
cleaner,흡입력,흡입력,좋,positive
cleaner,흡입력,흡입,좋,positive
cleaner,흡입력,흡입력,좋,positive
cleaner,흡입력,흡입력,강,positive
cleaner,흡입력,흡입력,강,positive
cleaner,흡입력,흡입력,강,positive
cleaner,흡입력,흡입,좋,positive
cleaner,흡입력,흡입,좋아,positive
cleaner,흡입력,흡입력,좋,positive
cleaner,흡입력,흡입력,좋아,positive
cleaner,흡입력,흡입,좋,positive
cleaner,흡입력,흡입,좋아,positive
cleaner,흡입력,흡입력,좋,positive
cleaner,흡입력,흡입력,좋아,positive
cleaner,흡입력,청소,깨끗,positive
cleaner,흡입력,청소,깨끗,positive
cleaner,흡입력,흡입력,짱,positive
cleaner,흡입력,흡입력,아쉽,negative
cleaner,흡입력,흡입력,짱,positive
cleaner,흡입력,흡입,좋,positive
cleaner,흡입력,흡입,좋아,positive
cleaner,흡입력,흡입력,좋,positive
cleaner,흡입력,흡입,좋,positive
cleaner,흡입력,흡입,좋아,positive
cleaner,흡입력,흡입력,좋,positive
cleaner,흡입력,흡입력,좋아,positive
cleaner,흡입력,흡입,좋,positive
cleaner,흡입력,흡입,좋아,positive
cleaner,흡입력,흡입력,좋,positive
cleaner,흡입력,흡입력,좋아,positive
cleaner,흡입력,유선,흡입력,positive
cleaner,흡입력,흡입,좋,positive
cleaner,흡입력,흡입,좋아,positive
cleaner,흡입력,흡입력,좋,positive
cleaner,흡입력,흡입력,좋아,positive
cleaner,흡입력,먼지,빨아들,positive
cleaner,흡입력,먼지,빨아들,positive
cleaner,흡입력,먼지,빨아들,positive
cleaner,흡입력,먼지,빨아들,positive
cleaner,흡입력,흡입,좋,positive
cleaner,흡입력,흡입력,좋,positive
cleaner,흡입력,흡입력,좋,positive
cleaner,흡입력,흡입력,좋,positive
cleaner,흡입력,흡입력,좋,positive
cleaner,흡입력,흡입력,좋,positive
cleaner,흡입력,흡입력,좋,positive
cleaner,흡입력,흡입력,좋,positive
cleaner,흡입력,흡입력,좋,positive
cleaner,흡입력,흡입력,좋,positive
cleaner,흡입력,흡입력,좋,positive
cleaner,흡입력,흡입,좋,positive
cleaner,흡입력,흡입,좋,positive
cleaner,흡입력,흡입력,좋,positive
cleaner,흡입력,흡입,좋,positive
cleaner,흡입력,흡입력,좋,positive
cleaner,흡입력,흡입,좋,positive
cleaner,흡입력,흡입력,좋,positive
cleaner,흡입력,흡입,좋,positive
cleaner,흡입력,흡입력,좋,positive
cleaner,흡입력,흡입,좋,positive
cleaner,흡입력,흡입력,좋,positive
cleaner,흡입력,흡입,좋,positive
cleaner,흡입력,흡입력,좋,positive
cleaner,흡입력,흡입,좋,positive
cleaner,흡입력,흡입력,좋,positive
cleaner,흡입력,흡입,좋,positive
cleaner,흡입력,흡입력,좋,positive
cleaner,흡입력,흡입,좋,positive
cleaner,흡입력,흡입력,좋,positive
cleaner,흡입력,흡입,좋,positive
cleaner,흡입력,흡입력,좋,positive
cleaner,흡입력,흡입,좋,positive
cleaner,흡입력,흡입력,아쉽,negative
cleaner,흡입력,흡입력,좋,positive
cleaner,흡입력,흡입,잘,positive
cleaner,흡입력,유선,흡입력,positive
cleaner,흡입력,유선청소기,흡입력,neutral
cleaner,흡입력,흡입,만족,positive
cleaner,흡입력,흡입력,만족,positive
cleaner,흡입력,흡입,좋,positive
cleaner,흡입력,흡입력,좋,positive
cleaner,흡입력,먼지,빨아들,positive
cleaner,흡입력,흡입력,약하,negative
cleaner,흡입력,흡입력,강,positive
cleaner,흡입력,유선,흡입력,positive
cleaner,흡입력,흡입,좋,positive
cleaner,흡입력,흡입력,좋,positive
cleaner,흡입력,유선,흡입력,positive
cleaner,흡입력,흡입,좋,positive
cleaner,흡입력,흡입력,좋,positive
cleaner,흡입력,유선,흡입력,positive
cleaner,흡입력,흡입,좋,positive
cleaner,흡입력,흡입력,좋,positive
cleaner,흡입력,유선,흡입력,positive
cleaner,흡입력,흡입,좋,positive
cleaner,흡입력,흡입력,좋,positive
cleaner,흡입력,유선,흡입력,positive
cleaner,흡입력,흡입,좋,positive
cleaner,흡입력,흡입력,좋,positive
cleaner,흡입력,유선,흡입력,positive
cleaner,흡입력,흡입,좋,positive
cleaner,흡입력,흡입력,좋,positive
cleaner,흡입력,유선,흡입력,positive
cleaner,흡입력,흡입,좋,positive
cleaner,흡입력,흡입력,좋,positive
cleaner,흡입력,유선,흡입력,positive
cleaner,흡입력,흡입,잘,positive
cleaner,흡입력,흡입,좋,positive
cleaner,흡입력,흡입력,좋,positive
cleaner,흡입력,유선,흡입력,positive
cleaner,흡입력,흡입,만족,positive
cleaner,흡입력,흡입력,만족,positive
cleaner,흡입력,유선,흡입력,positive
cleaner,흡입력,흡입,좋,positive
cleaner,흡입력,흡입,좋아,positive
cleaner,흡입력,흡입력,좋,positive
cleaner,흡입력,흡입력,좋아,positive
cleaner,흡입력,흡입력,짱,positive
cleaner,흡입력,유선,흡입력,positive
cleaner,흡입력,흡입,잘,positive
cleaner,흡입력,흡입,좋,positive
cleaner,흡입력,흡입력,좋,positive
cleaner,흡입력,흡입력,좋고,positive
cleaner,흡입력,흡입,좋,positive
cleaner,흡입력,흡입,좋아,positive
cleaner,흡입력,흡입력,좋,positive
cleaner,흡입력,흡입력,좋아,positive
cleaner,흡입력,흡입,좋,positive
cleaner,흡입력,흡입,좋아,positive
cleaner,흡입력,흡입력,좋,positive
cleaner,흡입력,흡입력,좋아,positive
cleaner,흡입력,흡입,좋아,positive
cleaner,흡입력,흡입력,좋아,positive
cleaner,흡입력,흡입력,약하,negative
cleaner,흡입력,흡입력,좋,positive
cleaner,흡입력,흡입력,좋아,positive
cleaner,흡입력,유선,흡입력,positive
cleaner,흡입력,흡입력,좋아,positive
cleaner,흡입력,흡입력,좋아,positive
cleaner,흡입력,흡입력,좋아,positive
cleaner,흡입력,흡입력,좋아,positive
cleaner,흡입력,흡입력,좋,positive
cleaner,흡입력,흡입력,좋,positive
cleaner,흡입력,흡입력,좋,positive
cleaner,흡입력,흡입력,좋,positive
cleaner,흡입력,흡입력,좋,positive
cleaner,흡입력,흡입력,좋,positive
cleaner,흡입력,흡입력,좋,positive
cleaner,흡입력,흡입력,좋,positive
cleaner,흡입력,흡입력,좋,positive
cleaner,흡입력,흡입,좋,positive
cleaner,흡입력,흡입,좋,positive
cleaner,흡입력,흡입력,좋,positive
cleaner,흡입력,흡입,좋,positive
cleaner,흡입력,흡입력,좋,positive
cleaner,흡입력,흡입,좋,positive
cleaner,흡입력,흡입력,좋,positive
cleaner,흡입력,흡입,좋,positive
cleaner,흡입력,흡입력,좋,positive
cleaner,흡입력,흡입,좋,positive
cleaner,흡입력,흡입,좋아,positive
cleaner,흡입력,흡입력,좋,positive
cleaner,흡입력,흡입력,좋아,positive
cleaner,흡입력,흡입,좋,positive
cleaner,흡입력,흡입,좋아,positive
cleaner,흡입력,흡입력,좋,positive
cleaner,흡입력,흡입력,좋아,positive
cleaner,흡입력,흡입,좋,positive
cleaner,흡입력,흡입,좋아,positive
cleaner,흡입력,흡입력,좋,positive
cleaner,흡입력,흡입,좋,positive
cleaner,흡입력,흡입,좋아,positive
cleaner,흡입력,흡입력,좋,positive
cleaner,흡입력,흡입력,좋아,positive
cleaner,흡입력,흡입,좋,positive
cleaner,흡입력,흡입,좋아,positive
cleaner,흡입력,흡입력,좋,positive
cleaner,흡입력,흡입력,좋아,positive
cleaner,흡입력,유선,흡입력,positive
cleaner,흡입력,흡입,좋,positive
cleaner,흡입력,흡입,좋아,positive
cleaner,흡입력,흡입력,좋,positive
cleaner,흡입력,흡입력,좋아,positive
cleaner,흡입력,흡입,좋,positive
cleaner,흡입력,흡입력,좋,positive
cleaner,흡입력,흡입력,좋,positive
cleaner,흡입력,흡입력,좋,positive
cleaner,흡입력,흡입력,좋,positive
cleaner,흡입력,흡입력,좋,positive
cleaner,흡입력,흡입력,좋,positive
cleaner,흡입력,흡입력,좋,positive
cleaner,흡입력,흡입력,좋,positive
cleaner,흡입력,흡입력,좋,positive
cleaner,흡입력,흡입력,좋,positive
cleaner,흡입력,흡입,좋,positive
cleaner,흡입력,흡입,좋,positive
cleaner,흡입력,흡입력,좋,positive
cleaner,흡입력,흡입,좋,positive
cleaner,흡입력,흡입력,좋,positive
cleaner,흡입력,흡입,좋,positive
cleaner,흡입력,흡입력,좋,positive
cleaner,흡입력,흡입,좋,positive
cleaner,흡입력,흡입력,좋,positive
cleaner,흡입력,흡입,좋,positive
cleaner,흡입력,흡입력,좋,positive
cleaner,흡입력,흡입,좋,positive
cleaner,흡입력,흡입력,좋,positive
cleaner,흡입력,흡입,좋,positive
cleaner,흡입력,흡입력,좋,positive
cleaner,흡입력,흡입,좋,positive
cleaner,흡입력,흡입력,좋,positive
cleaner,흡입력,흡입,좋,positive
cleaner,흡입력,흡입력,좋,positive
cleaner,흡입력,흡입,좋,positive
cleaner,흡입력,흡입력,좋,positive
cleaner,흡입력,흡입,좋,positive
cleaner,흡입력,흡입력,좋,positive
cleaner,흡입력,유선,흡입력,positive
cleaner,흡입력,흡입,좋,positive
cleaner,흡입력,흡입력,좋,positive
cleaner,흡입력,흡입력,약하,negative
cleaner,흡입력,유선,흡입력,positive
cleaner,흡입력,흡입,좋,positive
cleaner,흡입력,흡입력,좋,positive
cleaner,흡입력,유선,흡입력,positive
cleaner,흡입력,흡입,좋,positive
cleaner,흡입력,흡입력,좋,positive
cleaner,흡입력,유선,흡입력,positive
cleaner,흡입력,흡입,좋,positive
cleaner,흡입력,흡입력,좋,positive
cleaner,흡입력,유선,흡입력,positive
cleaner,흡입력,흡입,좋,positive
cleaner,흡입력,흡입력,좋,positive
cleaner,흡입력,유선,흡입력,positive
cleaner,흡입력,흡입,좋,positive
cleaner,흡입력,흡입력,좋,positive
cleaner,흡입력,유선,흡입력,positive
cleaner,흡입력,흡입,좋,positive
cleaner,흡입력,흡입력,좋,positive
cleaner,흡입력,유선,흡입력,positive
cleaner,흡입력,흡입,좋,positive
cleaner,흡입력,흡입력,좋,positive
cleaner,흡입력,유선,흡입력,positive
cleaner,흡입력,흡입,좋,positive
cleaner,흡입력,흡입력,좋,positive
cleaner,흡입력,유선,흡입력,positive
cleaner,흡입력,유선,흡입력,positive
cleaner,흡입력,흡입,좋,positive
cleaner,흡입력,흡입,좋아,positive
cleaner,흡입력,흡입력,좋,positive
cleaner,흡입력,흡입력,좋아,positive
cleaner,흡입력,유선,흡입력,positive
cleaner,흡입력,흡입,좋,positive
cleaner,흡입력,흡입력,좋,positive
cleaner,흡입력,흡입,좋,positive
cleaner,흡입력,흡입,좋아,positive
cleaner,흡입력,흡입력,좋,positive
cleaner,흡입력,흡입력,좋아,positive
cleaner,흡입력,흡입,좋,positive
cleaner,흡입력,흡입,좋아,positive
cleaner,흡입력,흡입력,좋,positive
cleaner,흡입력,흡입력,좋아,positive
cleaner,흡입력,흡입,좋,positive
cleaner,배터리,베터리 걱정,없,positive
cleaner,배터리,베터리 걱정,없,positive
cleaner,배터리,배터리 수명,아쉬,negative
cleaner,배터리,무선 청소기 밧데리,오래 못,negative
cleaner,배터리,밧데리,갈고,negative
cleaner,배터리,,방전,negative
cleaner,배터리,밧데리,속 썩이,negative
cleaner,배터리,보조배터리자리,충전이 안되,negative
cleaner,배터리,,방전,neutral
cleaner,배터리,2년,명을 다하는,negative
cleaner,배터리,밧데리,끝난,negative
cleaner,배터리,밧데리 수명,짧네,negative
cleaner,배터리,,2년 반,neutral
cleaner,배터리,,방전,negative
cleaner,배터리,충전,45번은 돌리는 거,neutral
cleaner,배터리,배터리,빨리 나가,negative
cleaner,배터리,수명,끝나,neutral
cleaner,배터리,배터리,방전,negative
cleaner,배터리,배터리,오래 못가,negative
cleaner,배터리,배터리 교환,번거로움 없어,positive
cleaner,배터리,방전,못쓴다,negative
cleaner,배터리,충전,안되,negative
cleaner,배터리,단점,배터리,negative
cleaner,배터리,완충,꺼질길래,negative
cleaner,배터리,밧데리,한개,negative
cleaner,배터리,충전,다시,negative
cleaner,배터리,밧데리,교체,negative
cleaner,배터리,밧데리,신경 안,positive
cleaner,배터리,밧데리,신경 안,positive
cleaner,배터리,배터리,방전,negative
cleaner,배터리,배터리,방전,negative
cleaner,배터리,충전,다시,negative
cleaner,배터리,밧데리,교체,negative
cleaner,배터리,배터리,방전,negative
cleaner,배터리,충전,안되,negative
cleaner,배터리,배터리,방전,negative
cleaner,배터리,충전,안되,negative
cleaner,배터리,배터리,방전,negative
cleaner,배터리,배터리,방전,negative
cleaner,배터리,충전,다시,negative
cleaner,배터리,충전,다시,negative
cleaner,배터리,수명,끝나,neutral
cleaner,배터리,밧데리,교체,negative
cleaner,배터리,배터리,방전,negative
cleaner,배터리,배터리,방전,negative
cleaner,배터리,밧데리,교체,negative
cleaner,배터리,밧데리,교체,negative
cleaner,배터리,밧데리,교체,negative
cleaner,배터리,밧데리,교체,negative
cleaner,배터리,밧데리,교체,negative
cleaner,배터리,밧데리,교체,negative
cleaner,배터리,밧데리,교체,negative
cleaner,배터리,밧데리,교체,negative
cleaner,배터리,밧데리,교체,negative
cleaner,배터리,밧데리,교체,negative
cleaner,배터리,밧데리,교체,negative
cleaner,배터리,밧데리,교체,negative
cleaner,배터리,밧데리,교체,negative
cleaner,배터리,밧데리,교체,negative
cleaner,배터리,밧데리,교체,negative
cleaner,배터리,밧데리,교체,negative
cleaner,배터리,충전,안되,negative
cleaner,배터리,밧데리,한개,negative
cleaner,배터리,충전,다시,negative
cleaner,배터리,밧데리,교체,negative
cleaner,배터리,밧데리,교체,negative
cleaner,배터리,배터리,방전,negative
cleaner,배터리,충전,안되,negative
cleaner,배터리,충전,다시,negative
cleaner,배터리,밧데리,교체,negative
cleaner,배터리,배터리,방전,negative
cleaner,배터리,배터리,방전,negative
cleaner,견고성,잔고장,나,negative
cleaner,견고성,헤드,안돌아가,negative
cleaner,견고성,수리,두번,negative
cleaner,견고성,커버로 보이는 부분,빠지지 않아,neutral
cleaner,견고성,고장,나,negative
cleaner,견고성,수리,,neutral
cleaner,견고성,고장,,neutral
cleaner,견고성,고장,,neutral
cleaner,견고성,로봇청소기,고장,negative
cleaner,견고성,,튼튼,positive
cleaner,견고성,,튼튼,positive
cleaner,견고성,본체충전,안되서,negative
cleaner,견고성,보조충전,안되서,negative
cleaner,견고성,청소기 헤드 부분,분리,negative
cleaner,견고성,,고장,negative
cleaner,견고성,충전하는곳,고장,negative
cleaner,견고성,,꺼지곤하네,negative
cleaner,견고성,불량,같아서,negative
cleaner,견고성,기어,부러져,negative
cleaner,견고성,터보모드,꺼져,negative
cleaner,견고성,메인브러쉬,고장,negative
cleaner,견고성,메인브러쉬,고장,negative
cleaner,견고성,뚜껑,닫히질 않아,negative
cleaner,견고성,기스,심하,negative
cleaner,견고성,고장,,neutral
cleaner,견고성,고장,나,negative
cleaner,견고성,고장,,neutral
cleaner,견고성,고장,나,negative
cleaner,견고성,로봇청소기,고장,negative
cleaner,견고성,고장,,neutral
cleaner,견고성,고장,나,negative
cleaner,견고성,로봇청소기,고장,negative
cleaner,견고성,고장,,neutral
cleaner,견고성,고장,나,negative
cleaner,견고성,로봇청소기,고장,negative
cleaner,견고성,기스,심하,negative
cleaner,견고성,기스,심하,negative
cleaner,견고성,고장,,neutral
cleaner,견고성,고장,나,negative
cleaner,견고성,헤드,안돌아가,negative
cleaner,견고성,고장,,neutral
cleaner,견고성,고장,나,negative
cleaner,견고성,고장,,neutral
cleaner,견고성,고장,나,negative
cleaner,견고성,고장,,neutral
cleaner,견고성,고장,나,negative
cleaner,견고성,고장,,neutral
cleaner,견고성,고장,나,negative
cleaner,견고성,고장,,neutral
cleaner,견고성,고장,나,negative
cleaner,견고성,수리,,neutral
cleaner,견고성,고장,,neutral
cleaner,견고성,고장,나,negative
cleaner,견고성,고장,,neutral
cleaner,견고성,고장,나,negative
cleaner,견고성,고장,,neutral
cleaner,견고성,고장,나,negative
cleaner,견고성,고장,,neutral
cleaner,견고성,고장,나,negative
cleaner,견고성,고장,,neutral
cleaner,견고성,고장,나,negative
cleaner,견고성,고장,,neutral
cleaner,견고성,고장,나,negative
cleaner,견고성,고장,,neutral
cleaner,견고성,고장,나,negative
cleaner,견고성,고장,,neutral
cleaner,견고성,고장,나,negative
cleaner,견고성,고장,,neutral
cleaner,견고성,고장,나,negative
cleaner,견고성,고장,,neutral
cleaner,견고성,고장,나,negative
cleaner,견고성,고장,,neutral
cleaner,견고성,고장,나,negative
cleaner,견고성,고장,,neutral
cleaner,견고성,고장,나,negative
cleaner,견고성,고장,,neutral
cleaner,견고성,고장,나,negative
cleaner,견고성,수리,,neutral
cleaner,견고성,수리,,neutral
cleaner,견고성,고장,,neutral
cleaner,견고성,고장,나,negative
cleaner,견고성,고장,,neutral
cleaner,견고성,고장,나,negative
cleaner,안전성,정전기,흡입 안되,negative
cleaner,안전성,정전기,흡입 안되,negative
cleaner,안전성,정전기,안빨리,negative
cleaner,안전성,스파크,터지듯,negative
cleaner,안전성,정전기,안빨리,negative
cleaner,안전성,무선,불편,negative
cleaner,안전성,무선,불편,negative
cleaner,안전성,무선,불편,negative
cleaner,안전성,무선,불편,negative
cleaner,기타,조작,부드,positive
cleaner,기타,한번에,청소 끝,positive
cleaner,기타,그 부분,혁신,positive
cleaner,기타,사용,감동,positive
cleaner,기타,쓰레기 버리는것,간편,positive
cleaner,기타,,,positive
cleaner,기타,,,positive
cleaner,기타,,,negative
cleaner,기타,유선,선호,neutral
cleaner,기타,사용,좋더라,positive
cleaner,기타,코드제로,만족,positive
cleaner,기타,,편안,positive
cleaner,기타,,편안,positive
cleaner,기타,AS,,neutral
cleaner,기타,청소,개운,positive
cleaner,기타,청소,개운,positive
cleaner,기타,먼지걱정,없이,positive
cleaner,기타,유선,필수,neutral
cleaner,기타,올인원타워,편해,positive
cleaner,기타,물걸레,동시,positive
cleaner,기타,청소,편해,positive
cleaner,기타,먼지흡입기,호환,neutral
cleaner,기타,올인원 타워,편하,positive
cleaner,기타,유선청소기중,최고,positive
cleaner,기타,,세워둘수도 있,positive
cleaner,기타,,세워둘수도 있,positive
cleaner,기타,흡입구,크면,neutral
cleaner,기타,청소,시원,positive
cleaner,기타,물걸레랑 흡입,동시,positive
cleaner,기타,사용,편하,positive
cleaner,기타,청소,편해,positive
cleaner,기타,실용성,높을,positive
cleaner,기타,청소기,유선,neutral
cleaner,기타,유선,힘,positive
cleaner,기타,올인원타워,편해,positive
cleaner,기타,유선 청소기,짱,positive
cleaner,기타,유선,좋은,neutral
cleaner,기타,흡입구,여러가지 있어,positive
cleaner,기타,침대 청소,잘 되,positive
cleaner,기타,청소라인에 빛,비추는것 추가,neutral
cleaner,기타,2cm문턱,아쉽,negative
cleaner,기타,기능,발전했다고 못,negative
cleaner,기타,관리,아쉬워,negative
cleaner,기타,청소,편해,positive
cleaner,기타,물 보충,귀찬음,negative
cleaner,기타,마지막 모드 기억 기능,있었으면,neutral
cleaner,기타,청소솔,거치할 수 있어,positive
cleaner,기타,손목,아프다,negative
cleaner,기타,무선,편하네,positive
cleaner,기타,물걸레,동시,positive
cleaner,기타,무선,편한,positive
cleaner,기타,본체 거치대,함께있다,negative
cleaner,기타,코드선,짧아,negative
cleaner,기타,발가락,치고감,negative
cleaner,기타,센서부분,보완되었으면,negative
cleaner,기타,센서,개선,positive
cleaner,기타,힘,좋고,positive
cleaner,기타,선,안번거로워,positive
cleaner,기타,뒤처리,편하고,positive
cleaner,기타,줄,뻣뻣,negative
cleaner,기타,진동,적어,positive
cleaner,기타,미세먼지,필터링,positive
cleaner,기타,미세먼지,필터링,positive
cleaner,기타,무선,편하,positive
cleaner,기타,무선,좋습,positive
cleaner,기타,1단,잘됩,positive
cleaner,기타,1단,잘됩,positive
cleaner,기타,무선,편리,positive
cleaner,기타,무선,편리,positive
cleaner,기타,무선,편리,positive
cleaner,기타,힘,센듯,positive
cleaner,기타,힘,센듯,positive
cleaner,기타,본체,불안정한,negative
cleaner,기타,연결호스,뻣뻣,negative
cleaner,기타,본체,불안정한,negative
cleaner,기타,연결호수,뻣뻣,negative
cleaner,기타,연결호수,뻣뻣,negative
cleaner,기타,코드길이,짧은편,negative
cleaner,기타,코드길이,짧은편,negative
cleaner,기타,라인,길어,positive
cleaner,기타,호환,,positive
cleaner,기타,호환,,positive
cleaner,기타,호스,딱딱,negative
cleaner,기타,센서,버렸,negative
cleaner,기타,사용,편하,positive
cleaner,기타,AS,,neutral
cleaner,기타,청소기,유선,neutral
cleaner,기타,유선,좋은,neutral
cleaner,기타,청소기,유선,neutral
cleaner,기타,AS,,neutral
cleaner,기타,청소,편해,positive
cleaner,기타,청소기,유선,neutral
cleaner,기타,충전,자동,positive
cleaner,기타,코드제로,만족,positive
cleaner,기타,청소,편해,positive
cleaner,기타,청소기,유선,neutral
cleaner,기타,무선,편한,positive
cleaner,기타,청소기,유선,neutral
cleaner,기타,청소기,유선,neutral
cleaner,기타,유선,힘,positive
cleaner,기타,청소기,유선,neutral
cleaner,기타,청소기,유선,neutral
cleaner,기타,유선,힘,positive
cleaner,기타,청소기,유선,neutral
cleaner,기타,무선,편리,positive
cleaner,기타,청소기,유선,neutral
cleaner,기타,무선,편리,positive
cleaner,기타,청소기,유선,neutral
cleaner,기타,유선,힘,positive
cleaner,기타,청소기,유선,neutral
cleaner,기타,힘,좋고,positive
cleaner,기타,청소,시원,positive
cleaner,기타,유선,힘,positive
cleaner,기타,청소기,유선,neutral
cleaner,기타,청소기,유선,neutral
cleaner,기타,청소기,유선,neutral
cleaner,기타,AS,,neutral
cleaner,기타,AS,,neutral
cleaner,기타,청소기,유선,neutral
cleaner,기타,청소기,유선,neutral
cleaner,기타,AS,,neutral
cleaner,기타,AS,,neutral
cleaner,기타,청소기,유선,neutral
cleaner,기타,AS,,neutral
cleaner,기타,AS,,neutral
cleaner,기타,AS,,neutral
cleaner,기타,AS,,neutral
cleaner,기타,AS,,neutral
cleaner,기타,AS,,neutral
cleaner,기타,AS,,neutral
cleaner,기타,AS,,neutral
cleaner,기타,AS,,neutral
cleaner,기타,AS,,neutral
cleaner,기타,AS,,neutral
cleaner,기타,유선,힘,positive
cleaner,기타,청소기,유선,neutral
cleaner,기타,청소기,유선,neutral
cleaner,기타,유선,힘,positive
cleaner,기타,청소기,유선,neutral
cleaner,기타,청소기,유선,neutral
cleaner,기타,청소기,유선,neutral
cleaner,기타,청소기,유선,neutral
cleaner,기타,청소기,유선,neutral
cleaner,기타,청소기,유선,neutral
cleaner,기타,청소기,유선,neutral
cleaner,기타,청소기,유선,neutral
cleaner,기타,청소기,유선,neutral
cleaner,기타,청소기,유선,neutral
cleaner,기타,청소,시원,positive
cleaner,기타,청소기,유선,neutral
cleaner,기타,청소,시원,positive
cleaner,기타,청소기,유선,neutral
cleaner,기타,청소기,유선,neutral
cleaner,기타,충전,자동,positive
cleaner,기타,청소기,유선,neutral
cleaner,기타,충전,자동,positive
cleaner,기타,청소기,유선,neutral
cleaner,기타,충전,자동,positive
cleaner,기타,청소기,유선,neutral
cleaner,기타,충전,자동,positive
cleaner,기타,청소기,유선,neutral
cleaner,기타,충전,자동,positive
cleaner,기타,청소기,유선,neutral
cleaner,기타,충전,자동,positive
cleaner,기타,청소기,유선,neutral
cleaner,기타,충전,자동,positive
cleaner,기타,청소기,유선,neutral
cleaner,기타,충전,자동,positive
cleaner,기타,청소기,유선,neutral
cleaner,기타,충전,자동,positive
cleaner,기타,청소기,유선,neutral
cleaner,기타,충전,자동,positive
cleaner,기타,청소기,유선,neutral
cleaner,기타,충전,자동,positive
cleaner,기타,청소기,유선,neutral
cleaner,기타,충전,자동,positive
cleaner,기타,청소기,유선,neutral
cleaner,기타,충전,자동,positive
cleaner,기타,청소기,유선,neutral
cleaner,기타,충전,자동,positive
cleaner,기타,청소기,유선,neutral
cleaner,기타,충전,자동,positive
cleaner,기타,청소기,유선,neutral
cleaner,기타,청소기,유선,neutral
cleaner,기타,충전,자동,positive
cleaner,기타,충전,자동,positive
cleaner,기타,청소기,유선,neutral
cleaner,기타,충전,자동,positive
cleaner,기타,청소기,유선,neutral
cleaner,기타,충전,자동,positive
cleaner,기타,무선,편한,positive
cleaner,기타,청소기,유선,neutral
cleaner,기타,무선,편한,positive
cleaner,기타,청소기,유선,neutral
cleaner,기타,청소,시원,positive
cleaner,기타,청소,시원,positive
cleaner,기타,청소기,유선,neutral
cleaner,기타,청소기,유선,neutral
cleaner,기타,청소기,유선,neutral
cleaner,기타,청소기,유선,neutral
cleaner,기타,청소기,유선,neutral
cleaner,기타,유선,힘,positive
cleaner,기타,청소기,유선,neutral
cleaner,기타,유선 청소기,짱,positive
cleaner,기타,청소기,유선,neutral
cleaner,기타,청소기,유선,neutral
cleaner,기타,청소기,유선,neutral
cleaner,기타,청소,편해,positive
cleaner,기타,청소기,유선,neutral
cleaner,기타,청소기,유선,neutral
cleaner,기타,무선,편리,positive
cleaner,기타,사용,감동,positive
cleaner,기타,유선,좋은,neutral
cleaner,기타,유선,힘,positive
cleaner,기타,청소기,유선,neutral
cleaner,기타,청소기,유선,neutral
cleaner,기타,호환,,positive
cleaner,기타,유선,힘,positive
cleaner,기타,청소기,유선,neutral
cleaner,기타,청소기,유선,neutral
cleaner,기타,청소기,유선,neutral
cleaner,기타,AS,,neutral
cleaner,기타,청소,편해,positive
cleaner,기타,청소기,유선,neutral
cleaner,기타,청소기,유선,neutral
cleaner,기타,힘,좋고,positive
cleaner,기타,무선,편한,positive
cleaner,기타,청소기,유선,neutral
cleaner,기타,청소기,유선,neutral
cleaner,기타,청소기,유선,neutral
cleaner,기타,청소기,유선,neutral
cleaner,기타,청소기,유선,neutral
